{
    "41": {
        "1": [
            420.0502624511719,
            0.019842905923724174,
            0.01116179395467043
        ],
        "0": [
            352.6005554199219,
            0.01477719098329544,
            0.010811115615069866
        ],
        "3": [
            363.8158264160156,
            0.017531922087073326,
            0.010881652124226093
        ],
        "4": [
            357.27655029296875,
            0.02117311581969261,
            0.012235677801072598
        ],
        "2": [
            416.1546630859375,
            0.01600508950650692,
            0.009899746626615524
        ]
    },
    "17": {
        "4": [
            117.60189819335938,
            0.020611438900232315,
            0.004171357955783606
        ],
        "2": [
            121.12933349609375,
            0.029105499386787415,
            0.003922060132026672
        ],
        "0": [
            121.6042251586914,
            0.044924814254045486,
            0.004006057977676392
        ],
        "3": [
            112.44453430175781,
            0.03703463822603226,
            0.004233406390994787
        ],
        "1": [
            113.2010498046875,
            0.05521491914987564,
            0.004202195443212986
        ]
    }
}