{
    "41": {
        "1": [
            400.2424011230469,
            0.019842905923724174,
            0.01116179395467043
        ],
        "0": [
            340.3485107421875,
            0.01477719098329544,
            0.010811115615069866
        ],
        "3": [
            348.4451599121094,
            0.017531922087073326,
            0.010881652124226093
        ],
        "4": [
            329.0772399902344,
            0.02117311581969261,
            0.012235677801072598
        ],
        "2": [
            394.9576110839844,
            0.01600508950650692,
            0.009899746626615524
        ]
    },
    "17": {
        "4": [
            111.61668395996094,
            0.020611438900232315,
            0.004171357955783606
        ],
        "2": [
            117.52352142333984,
            0.029105499386787415,
            0.003922060132026672
        ],
        "0": [
            113.87321472167969,
            0.044924814254045486,
            0.004006057977676392
        ],
        "3": [
            106.51677703857422,
            0.03703463822603226,
            0.004233406390994787
        ],
        "1": [
            106.16537475585938,
            0.05521491914987564,
            0.004202195443212986
        ]
    }
}