{
    "41": {
        "1": [
            141.10597229003906,
            0.019842905923724174,
            0.01116179395467043
        ],
        "0": [
            133.1590576171875,
            0.01477719098329544,
            0.010811115615069866
        ],
        "3": [
            138.07334899902344,
            0.017531922087073326,
            0.010881652124226093
        ],
        "4": [
            137.0093536376953,
            0.02117311581969261,
            0.012235677801072598
        ],
        "2": [
            139.52517700195312,
            0.01600508950650692,
            0.009899746626615524
        ]
    },
    "17": {
        "4": [
            34.990413665771484,
            0.020611438900232315,
            0.004171357955783606
        ],
        "2": [
            35.20998764038086,
            0.029105499386787415,
            0.003922060132026672
        ],
        "0": [
            36.0712776184082,
            0.044924814254045486,
            0.004006057977676392
        ],
        "3": [
            33.38974380493164,
            0.03703463822603226,
            0.004233406390994787
        ],
        "1": [
            35.1134033203125,
            0.05521491914987564,
            0.004202195443212986
        ]
    }
}