{
    "41": {
        "1": [
            211.77560424804688,
            0.019842905923724174,
            0.01116179395467043
        ],
        "0": [
            198.2232666015625,
            0.01477719098329544,
            0.010811115615069866
        ],
        "3": [
            199.9375457763672,
            0.017531922087073326,
            0.010881652124226093
        ],
        "4": [
            194.72665405273438,
            0.02117311581969261,
            0.012235677801072598
        ],
        "2": [
            207.6542205810547,
            0.01600508950650692,
            0.009899746626615524
        ]
    },
    "17": {
        "4": [
            50.636932373046875,
            0.020611438900232315,
            0.004171357955783606
        ],
        "2": [
            53.8176155090332,
            0.029105499386787415,
            0.003922060132026672
        ],
        "0": [
            50.84449005126953,
            0.044924814254045486,
            0.004006057977676392
        ],
        "3": [
            48.816680908203125,
            0.03703463822603226,
            0.004233406390994787
        ],
        "1": [
            50.636051177978516,
            0.05521491914987564,
            0.004202195443212986
        ]
    }
}