{
    "41": {
        "1": [
            41629.42578125,
            0.019842905923724174,
            0.01116179395467043
        ],
        "0": [
            40031.93359375,
            0.01477719098329544,
            0.010811115615069866
        ],
        "3": [
            40883.9765625,
            0.017531922087073326,
            0.010881652124226093
        ],
        "4": [
            39880.94140625,
            0.02117311581969261,
            0.012235677801072598
        ],
        "2": [
            41941.7734375,
            0.01600508950650692,
            0.009899746626615524
        ]
    },
    "17": {
        "4": [
            150.2001953125,
            0.020611438900232315,
            0.004171357955783606
        ],
        "2": [
            154.08226013183594,
            0.029105499386787415,
            0.003922060132026672
        ],
        "0": [
            136.51100158691406,
            0.044924814254045486,
            0.004006057977676392
        ],
        "3": [
            131.6192626953125,
            0.03703463822603226,
            0.004233406390994787
        ],
        "1": [
            150.95166015625,
            0.05521491914987564,
            0.004202195443212986
        ]
    }
}