{
    "41": {
        "1": [
            282.625732421875,
            0.019842905923724174,
            0.01116179395467043
        ],
        "0": [
            256.55084228515625,
            0.01477719098329544,
            0.010811115615069866
        ],
        "3": [
            261.4520568847656,
            0.017531922087073326,
            0.010881652124226093
        ],
        "4": [
            257.7686462402344,
            0.02117311581969261,
            0.012235677801072598
        ],
        "2": [
            273.7935791015625,
            0.01600508950650692,
            0.009899746626615524
        ]
    },
    "17": {
        "4": [
            74.12088012695312,
            0.020611438900232315,
            0.004171357955783606
        ],
        "2": [
            72.23564147949219,
            0.029105499386787415,
            0.003922060132026672
        ],
        "0": [
            72.81192779541016,
            0.044924814254045486,
            0.004006057977676392
        ],
        "3": [
            71.04882049560547,
            0.03703463822603226,
            0.004233406390994787
        ],
        "1": [
            73.07701873779297,
            0.05521491914987564,
            0.004202195443212986
        ]
    }
}