{
    "41": {
        "1": [
            435.1822814941406,
            0.019842905923724174,
            0.01116179395467043
        ],
        "0": [
            364.75372314453125,
            0.01477719098329544,
            0.010811115615069866
        ],
        "3": [
            389.56207275390625,
            0.017531922087073326,
            0.010881652124226093
        ],
        "4": [
            369.8876953125,
            0.02117311581969261,
            0.012235677801072598
        ],
        "2": [
            416.43817138671875,
            0.01600508950650692,
            0.009899746626615524
        ]
    },
    "17": {
        "4": [
            119.07958984375,
            0.020611438900232315,
            0.004171357955783606
        ],
        "2": [
            119.576904296875,
            0.029105499386787415,
            0.003922060132026672
        ],
        "0": [
            116.96259307861328,
            0.044924814254045486,
            0.004006057977676392
        ],
        "3": [
            109.42652893066406,
            0.03703463822603226,
            0.004233406390994787
        ],
        "1": [
            109.45294952392578,
            0.05521491914987564,
            0.004202195443212986
        ]
    }
}