{
    "41": {
        "1": [
            608.7398681640625,
            0.019842905923724174,
            0.01116179395467043
        ],
        "0": [
            573.8980102539062,
            0.01477719098329544,
            0.010811115615069866
        ],
        "3": [
            606.090087890625,
            0.017531922087073326,
            0.010881652124226093
        ],
        "4": [
            755.6319580078125,
            0.02117311581969261,
            0.012235677801072598
        ],
        "2": [
            499.9403076171875,
            0.01600508950650692,
            0.009899746626615524
        ]
    },
    "17": {
        "4": [
            115.4936294555664,
            0.020611438900232315,
            0.004171357955783606
        ],
        "2": [
            117.05838012695312,
            0.029105499386787415,
            0.003922060132026672
        ],
        "0": [
            109.11075592041016,
            0.044924814254045486,
            0.004006057977676392
        ],
        "3": [
            110.6727066040039,
            0.03703463822603226,
            0.004233406390994787
        ],
        "1": [
            110.8664321899414,
            0.05521491914987564,
            0.004202195443212986
        ]
    }
}