{
    "41": {
        "1": [
            478.4708251953125,
            0.019842905923724174,
            0.01116179395467043
        ],
        "0": [
            402.76544189453125,
            0.01477719098329544,
            0.010811115615069866
        ],
        "3": [
            448.5502014160156,
            0.017531922087073326,
            0.010881652124226093
        ],
        "4": [
            451.2445983886719,
            0.02117311581969261,
            0.012235677801072598
        ],
        "2": [
            428.4364013671875,
            0.01600508950650692,
            0.009899746626615524
        ]
    },
    "17": {
        "4": [
            116.28025817871094,
            0.020611438900232315,
            0.004171357955783606
        ],
        "2": [
            116.47351837158203,
            0.029105499386787415,
            0.003922060132026672
        ],
        "0": [
            112.35470581054688,
            0.044924814254045486,
            0.004006057977676392
        ],
        "3": [
            111.25067901611328,
            0.03703463822603226,
            0.004233406390994787
        ],
        "1": [
            108.27417755126953,
            0.05521491914987564,
            0.004202195443212986
        ]
    }
}