{
    "41": {
        "1": [
            348.8326721191406,
            0.019842905923724174,
            0.01116179395467043
        ],
        "0": [
            306.32513427734375,
            0.01477719098329544,
            0.010811115615069866
        ],
        "3": [
            317.96673583984375,
            0.017531922087073326,
            0.010881652124226093
        ],
        "4": [
            302.3981628417969,
            0.02117311581969261,
            0.012235677801072598
        ],
        "2": [
            337.60699462890625,
            0.01600508950650692,
            0.009899746626615524
        ]
    },
    "17": {
        "4": [
            93.77043151855469,
            0.020611438900232315,
            0.004171357955783606
        ],
        "2": [
            90.71373748779297,
            0.029105499386787415,
            0.003922060132026672
        ],
        "0": [
            99.84098815917969,
            0.044924814254045486,
            0.004006057977676392
        ],
        "3": [
            90.01885223388672,
            0.03703463822603226,
            0.004233406390994787
        ],
        "1": [
            93.138671875,
            0.05521491914987564,
            0.004202195443212986
        ]
    }
}