{
    "41": {
        "1": [
            88.97834014892578,
            0.019842905923724174,
            0.01116179395467043
        ],
        "0": [
            82.75912475585938,
            0.01477719098329544,
            0.010811115615069866
        ],
        "3": [
            85.86425018310547,
            0.017531922087073326,
            0.010881652124226093
        ],
        "4": [
            83.83780670166016,
            0.02117311581969261,
            0.012235677801072598
        ],
        "2": [
            86.15706634521484,
            0.01600508950650692,
            0.009899746626615524
        ]
    },
    "17": {
        "4": [
            25.391014099121094,
            0.020611438900232315,
            0.004171357955783606
        ],
        "2": [
            25.595314025878906,
            0.029105499386787415,
            0.003922060132026672
        ],
        "0": [
            25.69339370727539,
            0.044924814254045486,
            0.004006057977676392
        ],
        "3": [
            24.583232879638672,
            0.03703463822603226,
            0.004233406390994787
        ],
        "1": [
            23.845149993896484,
            0.05521491914987564,
            0.004202195443212986
        ]
    }
}