{
    "41": {
        "1": [
            2299.14501953125,
            0.019842905923724174,
            0.01116179395467043
        ],
        "0": [
            13467.603515625,
            0.01477719098329544,
            0.010811115615069866
        ],
        "3": [
            6099.0849609375,
            0.017531922087073326,
            0.010881652124226093
        ],
        "4": [
            9941.8330078125,
            0.02117311581969261,
            0.012235677801072598
        ],
        "2": [
            863.3955078125,
            0.01600508950650692,
            0.009899746626615524
        ]
    },
    "17": {
        "4": [
            124.48445892333984,
            0.020611438900232315,
            0.004171357955783606
        ],
        "2": [
            123.9664306640625,
            0.029105499386787415,
            0.003922060132026672
        ],
        "0": [
            117.41861724853516,
            0.044924814254045486,
            0.004006057977676392
        ],
        "3": [
            115.08404541015625,
            0.03703463822603226,
            0.004233406390994787
        ],
        "1": [
            116.71741485595703,
            0.05521491914987564,
            0.004202195443212986
        ]
    }
}