{
    "41": {
        "1": [
            54.26959228515625,
            0.019842905923724174,
            0.01116179395467043
        ],
        "0": [
            54.39021301269531,
            0.01477719098329544,
            0.010811115615069866
        ],
        "3": [
            54.58359146118164,
            0.017531922087073326,
            0.010881652124226093
        ],
        "4": [
            53.90113067626953,
            0.02117311581969261,
            0.012235677801072598
        ],
        "2": [
            54.34883117675781,
            0.01600508950650692,
            0.009899746626615524
        ]
    },
    "17": {
        "4": [
            21.93100929260254,
            0.020611438900232315,
            0.004171357955783606
        ],
        "2": [
            21.617494583129883,
            0.029105499386787415,
            0.003922060132026672
        ],
        "0": [
            21.147127151489258,
            0.044924814254045486,
            0.004006057977676392
        ],
        "3": [
            21.172340393066406,
            0.03703463822603226,
            0.004233406390994787
        ],
        "1": [
            20.860483169555664,
            0.05521491914987564,
            0.004202195443212986
        ]
    }
}